{"graph": {"_type": "graph-file", "sha256": "11d982d29bfedfdd3342c0e4bffaa9c6d78b8966b7c5d58d4ba7ee72c596ba60", "size": 25959, "path": "media/graph/graph_summary_11d982d29bfedfdd3342.graph.json"}, "epoch": 4, "_timestamp": 1678111418.8019598, "loss": 0.057355888187885284, "accuracy": 0.9793999791145325, "val_loss": 0.079407699406147, "val_accuracy": 0.9718000292778015, "_runtime": 3225.144078731537, "_step": 4, "best_val_loss": 0.05736040696501732, "best_epoch": 2}