{"graph": {"_type": "graph-file", "sha256": "11d982d29bfedfdd3342c0e4bffaa9c6d78b8966b7c5d58d4ba7ee72c596ba60", "size": 25959, "path": "media/graph/graph_summary_11d982d29bfedfdd3342.graph.json"}, "epoch": 4, "_timestamp": 1680102070.2299836, "loss": 0.057197052985429764, "accuracy": 0.9810500144958496, "val_loss": 0.04388192668557167, "val_accuracy": 0.9811999797821045, "_runtime": 3232.11882352829, "_step": 4, "best_val_loss": 0.04388192668557167, "best_epoch": 4}